#{"t_start": 1710662813.916219, "env_id": "BreakoutNoFrameskip-v4"}
r,l,t
2.0,98,2.35888
0.0,23,2.543133
3.0,158,3.696279
1.0,77,4.273039
0.0,23,4.436591
2.0,98,5.148717
1.0,73,5.656972
1.0,75,6.296914
0.0,23,6.465689
1.0,76,7.012722
1.0,72,7.525216
0.0,23,7.697108
2.0,83,8.329132
0.0,23,8.502097
